LastName;Name1;Name2;Name3;Name4;Name5;Abbrev1;Abbrev2;Abbrev3;Abbrev4;ID
Aguiar;Osny;Tadeu;de;;;O;T;;;1
Amshoff;;;;;;G;J;H;;2
Liogier;Henri;Alain;;;;H;A;;;3
Mattos;João;Rodrigues;;;;J;R;;;4
Mattos;Joao;Rodrigues;;;;J;R;;;4
Parra;Carlos;Alberto;;;;C;A;;;5
Parra-O;Carlos;Alberto;;;;C;A;;;5
Parra-Osorio;Carlos;Alberto;;;;C;A;;;5
Romagnolo;Mariza;Barion;;;;M;B;;;6
Rotman;Alicia;;;;;A;D;;;7
Segarra;Daniel;Villarroel;;;;D;V;;;8
Villaroel;Daniel;;;;;D;;;;8
Villarroel;Daniel;;;;;D;;;;8
Silva;Lucia;Helena;Soares;e;;L;H;S;;9
Soares-Silva;Lucia;Helena;;;;L;H;;;9
Snow;Neil;;;;;N;W;;;10
Amorim;Bruno;Sampaio;;;;B;S;;;11
Barroso;Graziela;Maciel;;;;G;M;;;12
Calliari;Cláudia;;;;;C;;;;13
Calliari;Claudia;;;;;C;;;;13
Faria;Jair;Eustáquio;Quintino;Júnior;de;J;E;Q;Jr;14
Faria;Jair;Eustaquio;Quintino;Junior;de;J;E;Q;Jr;14
Giaretta;Augusto;Oliveira;;;;A;O;;;15
Holst;Bruce;;;;;B;K;;;16
Ibrahim;Marla;Uhebe;Oliveira;;;M;U;O;V;17
Kawasaki;Maria;Lucia;;;;M;L;;;18
Kawasaki;Maria;Lúcia;;;;M;L;;;18
Landrum;Leslie;Roger;;;;L;R;;;19
Lima;Leidiana;;;;;L;;;;20
Lima;Duane;Fernandes;dos;Santos;;D;F;;;21
Lucas;Eve;Jill;;;;E;J;;;22
Lughadha;Eimear;;Nic;;;E;M;N;;23
Mazine;Fiorella;Fernanda;Capello;;;F;F;;;24
Molz;Martin;;;;;M;;;;25
Proença;Carolyn;Elionore;Barnes;;;C;E;B;;26
Rosa;Priscila;Oliveira;;;;P;O;;;27
Santos;Matheus;Fortes;;;;M;F;;;28
Sobral;Marcos;Eduardo;Guerra;;;M;E;G;;29
Souza;Marcelo;Costa;de;;;M;C;;;30
Souza;Maria;Anália;Duarte;;;M;A;D;;31
Souza;Maria;Analia;Duarte;;;M;A;D;;31
Stadnik;Aline;;;;;A;;;;32
Staggemeier;Vanessa;Graziele;;;;V;G;;;33
Legrand;Carlos;María;Diego;Enrique;;C;M;D;E;34
Legrand;Carlos;Maria;Diego;Enrique;;C;M;D;E;34
Barrie;Fred;;;;;F;R;;;35
Chagas;Earl;Celestino;de;Oliveira;;E;C;O;;36
McVaugh;Rogers;;;;;R;;;;37
