Sobrenome;Nome1;Nome2;Nome3;Nome4;Nome5;Abrev1;Abrev2;Abrev3;Abrev4
Amorim;Bruno;Sampaio;;;;B;S;;
Araújo;Ana;Cláudia;;;;A;C;;
Barroso;Graziela;Maciel;;;;G;M;;
Bunger;Mariana;Oliveira;;;;M;O;;
Bünger;Mariana;Oliveira;;;;M;O;;
Calliari;Cláudia;;;;;C;;;
Costa;Itayguara;Ribeiro;da;;;I;R;;
Faria;Jair;Eustáquio;Quintino;Junior;de;J;E;Q;Jr
Giaretta;Augusto;Oliveira;;;;A;O;;
Holst;Bruce;;;;;B;K;;
Ibrahim;Marla;Uhebe;Oliveira;;;M;U;O;V
Kawasaki;Maria;Lúcia;;;;M;L;;
Landrum;Leslie;Roger;;;;L;R;;
Legrand;Carlos;María;Diego;Enrique;;C;M;D;E
Lima;Leidiana;;;;;L;;;
Lima;Duane;Fernandes;dos;Santos;;D;F;;
Lourenço;Ana;Raquel;Lima;;;A;R;L;
Lucas;Eve;Jill;;;;E;J;;
Lughadha;Eimear;;Nic;;;E;M;N;
Matsumoto;Kazue;;;;;K;;;
Mazine;Fiorella;Fernanda;Capello;;;F;F;;
Mazine-Capelo;Fiorella;Fernanda;;;;F;F;;
Molz;Martin;;;;;M;;;
NicLughadha;Eimear;;;;;E;M;;
Oliveira;Marla;Uhebe;Ibrahim;;;M;U;I;V
Oliveira;Augusto;Giaretta;;;;A;G;;
Proença;Carolyn;Elionore;Barnes;;;C;E;B;
Rosa;Priscila;Oliveira;;;;P;O;;
Santos;Matheus;Fortes;;;;M;F;;
Sobral;Marcos;Eduardo;Guerra;;;M;E;G;
Souza;Marcelo;Costa;de;;;M;C;;
Souza;Maria;Anália;Duarte;;;M;A;D;
Stadnik;Aline;;;;;A;;;
Staggemeier;Vanessa;Graziele;;;;V;G;;
Tuler;Amélia;;;;;A;C;;
Vasconcelos;Thaís;Nogales;;;;T;N;;
